<?xml version="1.0" encoding="utf-8" ?>
<CIM CIMVERSION="2.0" DTDVERSION="2.0">
<MESSAGE ID="826459" PROTOCOLVERSION="1.0">
<SIMPLERSP>
<IMETHODRESPONSE NAME="EnumerateInstances">
<IRETURNVALUE>
<VALUE.NAMEDINSTANCE>
<INSTANCENAME CLASSNAME="PG_SSLCertificate">
<KEYBINDING NAME="IssuerName">
<KEYVALUE VALUETYPE="string">/C=US/ST=NC/L=RTP/O=Director Development/OU=IBM Corporation/CN=IBM Director on 169.254.95.120 1348544936846</KEYVALUE>
</KEYBINDING>
<KEYBINDING NAME="SerialNumber">
<KEYVALUE VALUETYPE="string">1348544937</KEYVALUE>
</KEYBINDING>
<KEYBINDING NAME="TruststoreType">
<KEYVALUE VALUETYPE="numeric">2</KEYVALUE>
</KEYBINDING>
</INSTANCENAME>
<INSTANCE CLASSNAME="PG_SSLCertificate" >
<PROPERTY NAME="IssuerName"  TYPE="string">
<VALUE>/C=US/ST=NC/L=RTP/O=Director Development/OU=IBM Corporation/CN=IBM Director on 169.254.95.120 1348544936846</VALUE>
</PROPERTY>
<PROPERTY NAME="SerialNumber"  TYPE="string">
<VALUE>1348544937</VALUE>
</PROPERTY>
<PROPERTY NAME="SubjectName"  TYPE="string">
<VALUE>/C=US/ST=NC/L=RTP/O=Director Development/OU=IBM Corporation/CN=IBM Director on 169.254.95.120 1348544936846</VALUE>
</PROPERTY>
<PROPERTY NAME="RegisteredUserName"  TYPE="string">
<VALUE>root</VALUE>
</PROPERTY>
<PROPERTY NAME="TruststorePath"  TYPE="string">
<VALUE>/etc/opt/ibm/icc/truststore/3fb40a25.0</VALUE>
</PROPERTY>
<PROPERTY NAME="TruststoreType"  TYPE="uint16">
<VALUE>2</VALUE>
</PROPERTY>
<PROPERTY NAME="NotBefore"  TYPE="datetime">
<VALUE>20120925034857.000000+000</VALUE>
</PROPERTY>
<PROPERTY NAME="NotAfter"  TYPE="datetime">
<VALUE>20170924034857.000000+000</VALUE>
</PROPERTY>
<PROPERTY NAME="CertificateType"  TYPE="uint16">
<VALUE>2</VALUE>
</PROPERTY>
</INSTANCE>
</VALUE.NAMEDINSTANCE>
<VALUE.NAMEDINSTANCE>
<INSTANCENAME CLASSNAME="PG_SSLCertificate">
<KEYBINDING NAME="IssuerName">
<KEYVALUE VALUETYPE="string">/C=US/ST=NC/L=RTP/O=Director Development/OU=IBM Corporation/CN=IBM Director on 10.9.61.11 1352162758531</KEYVALUE>
</KEYBINDING>
<KEYBINDING NAME="SerialNumber">
<KEYVALUE VALUETYPE="string">1352162760</KEYVALUE>
</KEYBINDING>
<KEYBINDING NAME="TruststoreType">
<KEYVALUE VALUETYPE="numeric">2</KEYVALUE>
</KEYBINDING>
</INSTANCENAME>
<INSTANCE CLASSNAME="PG_SSLCertificate" >
<PROPERTY NAME="IssuerName"  TYPE="string">
<VALUE>/C=US/ST=NC/L=RTP/O=Director Development/OU=IBM Corporation/CN=IBM Director on 10.9.61.11 1352162758531</VALUE>
</PROPERTY>
<PROPERTY NAME="SerialNumber"  TYPE="string">
<VALUE>1352162760</VALUE>
</PROPERTY>
<PROPERTY NAME="SubjectName"  TYPE="string">
<VALUE>/C=US/ST=NC/L=RTP/O=Director Development/OU=IBM Corporation/CN=IBM Director on 10.9.61.11 1352162758531</VALUE>
</PROPERTY>
<PROPERTY NAME="RegisteredUserName"  TYPE="string">
<VALUE>root</VALUE>
</PROPERTY>
<PROPERTY NAME="TruststorePath"  TYPE="string">
<VALUE>/etc/opt/ibm/icc/truststore/adcfb619.0</VALUE>
</PROPERTY>
<PROPERTY NAME="TruststoreType"  TYPE="uint16">
<VALUE>2</VALUE>
</PROPERTY>
<PROPERTY NAME="NotBefore"  TYPE="datetime">
<VALUE>20121106004600.000000+000</VALUE>
</PROPERTY>
<PROPERTY NAME="NotAfter"  TYPE="datetime">
<VALUE>20171105004600.000000+000</VALUE>
</PROPERTY>
<PROPERTY NAME="CertificateType"  TYPE="uint16">
<VALUE>2</VALUE>
</PROPERTY>
</INSTANCE>
</VALUE.NAMEDINSTANCE>
<VALUE.NAMEDINSTANCE>
<INSTANCENAME CLASSNAME="PG_SSLCertificate">
<KEYBINDING NAME="IssuerName">
<KEYVALUE VALUETYPE="string">/C=US/ST=NC/L=RTP/O=Director Development/OU=IBM Corporation/CN=IBM Director on 9.12.201.236 1349460470283</KEYVALUE>
</KEYBINDING>
<KEYBINDING NAME="SerialNumber">
<KEYVALUE VALUETYPE="string">1349460472</KEYVALUE>
</KEYBINDING>
<KEYBINDING NAME="TruststoreType">
<KEYVALUE VALUETYPE="numeric">2</KEYVALUE>
</KEYBINDING>
</INSTANCENAME>
<INSTANCE CLASSNAME="PG_SSLCertificate" >
<PROPERTY NAME="IssuerName"  TYPE="string">
<VALUE>/C=US/ST=NC/L=RTP/O=Director Development/OU=IBM Corporation/CN=IBM Director on 9.12.201.236 1349460470283</VALUE>
</PROPERTY>
<PROPERTY NAME="SerialNumber"  TYPE="string">
<VALUE>1349460472</VALUE>
</PROPERTY>
<PROPERTY NAME="SubjectName"  TYPE="string">
<VALUE>/C=US/ST=NC/L=RTP/O=Director Development/OU=IBM Corporation/CN=IBM Director on 9.12.201.236 1349460470283</VALUE>
</PROPERTY>
<PROPERTY NAME="RegisteredUserName"  TYPE="string">
<VALUE>root</VALUE>
</PROPERTY>
<PROPERTY NAME="TruststorePath"  TYPE="string">
<VALUE>/etc/opt/ibm/icc/truststore/ff57b4bc.0</VALUE>
</PROPERTY>
<PROPERTY NAME="TruststoreType"  TYPE="uint16">
<VALUE>2</VALUE>
</PROPERTY>
<PROPERTY NAME="NotBefore"  TYPE="datetime">
<VALUE>20121005180752.000000+000</VALUE>
</PROPERTY>
<PROPERTY NAME="NotAfter"  TYPE="datetime">
<VALUE>20171004180752.000000+000</VALUE>
</PROPERTY>
<PROPERTY NAME="CertificateType"  TYPE="uint16">
<VALUE>2</VALUE>
</PROPERTY>
</INSTANCE>
</VALUE.NAMEDINSTANCE>
</IRETURNVALUE>
</IMETHODRESPONSE>
</SIMPLERSP>
</MESSAGE>
</CIM>