<?xml version="1.0" encoding="utf-8"?>
<CIM CIMVERSION="2.0" DTDVERSION="2.0">
<MESSAGE ID="4711" PROTOCOLVERSION="1.0">
<SIMPLERSP>
<IMETHODRESPONSE NAME="EnumerateInstances">
<ERROR CODE="2">
<INSTANCE CLASSNAME="CIM_Error">
<PROPERTY NAME="ErrorType" TYPE="uint16"><VALUE>1</VALUE></PROPERTY>
<PROPERTY NAME="OtherErrorType" TYPE="string"><VALUE>Password Expired</VALUE></PROPERTY>
<PROPERTY NAME="ProbableCause" TYPE="uint16"><VALUE>117</VALUE></PROPERTY>
</INSTANCE>
<INSTANCE CLASSNAME="CIM_Error">
<PROPERTY NAME="ErrorType" TYPE="sint32"><VALUE>1</VALUE></PROPERTY>
<PROPERTY NAME="OtherErrorType" TYPE="string"><VALUE>Password Expired</VALUE></PROPERTY>
<PROPERTY NAME="ProbableCause" TYPE="sint64"><VALUE>118</VALUE></PROPERTY>
</INSTANCE>
</ERROR>
</IMETHODRESPONSE>
</SIMPLERSP>
</MESSAGE>
</CIM>