<?xml version="1.0" encoding="utf-8"?>
<CIM CIMVERSION="2.0" DTDVERSION="2.0">
  <MESSAGE ID="16" PROTOCOLVERSION="1.0">
    <SIMPLERSP>
      <IMETHODRESPONSE NAME="EnumerateQualifiers">
        <IRETURNVALUE>
 		  <QUALIFIER.DECLARATION NAME="BoolQuali">
            <VALUE TYPE="boolean">FALSE</VALUE>
          </QUALIFIER.DECLARATION>
          <QUALIFIER.DECLARATION NAME="IntAQuali">
            <VALUE.ARRAY TYPE="sint32">
              <VALUE>-5</VALUE><VALUE>15</VALUE>
            </VALUE.ARRAY>
          </QUALIFIER.DECLARATION>
        </IRETURNVALUE>
      </IMETHODRESPONSE>
    </SIMPLERSP>
  </MESSAGE>
</CIM>