<?xml version="1.0" ?>
<CIM CIMVERSION="2.0" DTDVERSION="2.0">
	<MESSAGE ID="4" PROTOCOLVERSION="1.0">
		<SIMPLERSP>
			<METHODRESPONSE NAME="SampleMethodResponse">
				<RETURNVALUE>
					<VALUE TYPE="sint32">42</VALUE>
				</RETURNVALUE>
				<PARAMVALUE NAME="pOutInt">
					<VALUE TYPE="sint32">12</VALUE>
				</PARAMVALUE>
				<PARAMVALUE NAME="pOutBool">
					<VALUE TYPE="boolean">true</VALUE>
				</PARAMVALUE>
				<PARAMVALUE NAME="pOutDTA">
					<VALUE.ARRAY TYPE="datetime">
						<VALUE>20070314160503.566012+010</VALUE>
						<VALUE>00000133102418.001328:000</VALUE>
					</VALUE.ARRAY>
				</PARAMVALUE>
			</METHODRESPONSE>
		</SIMPLERSP>
	</MESSAGE>
</CIM>